ID,State,PhoneNumber,CompanySize,WebsiteVisits,EmailOpens,EmailClicks,LeadSource,Customer
7754581,Wyoming,8-528-787-6158,128,5,4,1,Adwords,No
2040792,Pennsylvania,5-402-440-8770,221,7,6,5,Tradeshow,No
2361314,Wyoming,8-187-516-5434,229,7,3,0,Print,No
7526472,Delaware,8-265-204-4542,66,9,24,14,Adwords,Yes
3891303,Oregon,2-745-110-6665,245,6,2,0,Adwords,No
2387963,Indiana,7-260-075-5274,85,2,6,4,Tradeshow,No
3242680,Maryland,0-147-132-8035,102,2,7,2,Webinar,No
4402456,Ohio,7-717-037-2370,100,5,2,5,Print,No
1963707,South Carolina,8-321-815-8135,176,3,5,0,Print,No
0829703,Indiana,8-283-171-3887,146,5,2,1,Tradeshow,No
7042485,Nevada,2-661-866-7384,231,2,7,4,Webinar,No
8799223,Oklahoma,5-083-280-0786,202,3,6,1,Webinar,No
0375515,Hawaii,7-224-832-3068,96,6,7,5,Print,No
0977676,Delaware,6-680-620-2253,88,8,19,9,Adwords,Yes
0834200,Louisiana,6-400-826-5783,180,2,2,3,Tradeshow,No
9194420,Florida,1-570-522-7303,89,3,7,0,Print,No
0923967,Massachussets,0-741-837-2644,162,2,6,3,Adwords,No
4039852,Arizona,8-565-410-5733,160,5,4,3,Adwords,No
0466145,Washington,4-564-742-2737,240,4,6,4,Adwords,No
3164364,Pennsylvania,2-720-562-3316,216,3,5,1,Tradeshow,No
0579841,Delaware,2-364-643-2271,56,22,16,14,Adwords,Yes
8943954,Virginia,1-260-384-2653,197,6,4,3,Tradeshow,No
8755632,Delaware,7-025-571-6418,80,14,5,12,Adwords,Yes
3380008,Minnesota,2-228-382-3650,213,7,2,3,Tradeshow,No
1805727,Kentucky,1-551-885-4567,222,5,7,4,Print,No
2852632,Nevada,8-213-507-6608,135,6,4,5,Webinar,No
4802269,Georgia,6-378-045-1647,130,2,3,3,Tradeshow,No
1144410,Montana,8-555-087-7005,249,7,6,3,Print,No
7339452,Louisiana,0-811-414-7110,136,7,6,3,Print,No
5871498,Virginia,4-600-845-0384,146,6,2,3,Webinar,No
9519220,New York,5-304-668-6204,99,4,5,5,Adwords,No
1926102,Pennsylvania,3-131-422-4482,136,2,4,3,Tradeshow,No
8179104,Montana,7-876-182-2307,185,6,4,2,Webinar,No
9517789,New York,7-160-344-4720,72,12,8,7,Webinar,Yes
6531667,Delaware,0-767-425-4078,247,4,2,4,Adwords,No
2430757,Indiana,3-176-201-2368,237,2,7,0,Print,No
4431137,Massachussets,2-018-248-4477,220,5,7,1,Print,No
9250437,Connecticut,7-426-232-8416,59,17,23,10,Print,Yes
8030268,Texas,0-620-176-5370,115,3,4,2,Adwords,No
9101635,Iowa,1-313-553-1274,110,3,5,4,Tradeshow,No
9827135,Minnesota,0-735-246-1243,137,6,4,1,Print,No
3609799,Delaware,1-528-003-7466,99,5,22,3,Adwords,Yes
3257594,Maryland,4-104-350-1741,127,5,7,1,Print,No
6989372,New Jersey,1-880-354-1688,84,6,14,11,Webinar,Yes
6757092,New York,6-463-435-3415,212,4,6,1,Print,No
7489917,Connecticut,4-482-516-4761,80,28,6,8,Print,Yes
2687318,Montana,4-547-750-1501,104,7,2,2,Print,No
6700822,New York,0-884-002-0143,65,5,29,7,Adwords,Yes
3402162,Nebraska,7-287-888-8830,214,4,2,1,Tradeshow,No
8644303,Alabama,7-513-543-4482,190,4,7,3,Print,No
8768909,Pennsylvania,7-820-875-2723,72,9,22,10,Webinar,Yes
9046520,Iowa,6-660-785-3452,181,4,4,3,Adwords,No
1110136,Delaware,5-560-074-3517,55,12,18,4,Adwords,Yes
3664569,Oklahoma,6-548-354-8224,196,4,2,4,Tradeshow,No
4261267,Vermont,4-101-421-6446,121,6,3,2,Tradeshow,No
5289284,New Jersey,6-333-266-4524,95,13,26,8,Webinar,Yes
0580754,Michigan,2-334-551-7785,188,5,7,2,Print,No
3595268,New York,3-318-008-6642,92,13,24,13,Adwords,Yes
9858514,Nevada,4-232-410-8115,141,2,5,0,Tradeshow,No
6620588,Pennsylvania,0-663-622-4225,78,21,24,10,Webinar,Yes
1338111,Maryland,3-418-528-6174,59,24,13,10,Tradeshow,Yes
5943817,New York,7-635-572-1874,55,11,14,10,Webinar,Yes
9903978,Wisconsin,5-801-514-4526,186,2,3,4,Print,No
5654797,North Carolina,7-655-322-0645,246,2,3,3,Tradeshow,No
2652366,Connecticut,8-675-218-5736,90,14,6,6,Print,Yes
9153441,Connecticut,8-013-884-5558,153,6,4,3,Print,No
3310283,New Jersey,1-670-270-1862,135,6,6,4,Tradeshow,No
5167958,Kentucky,8-585-003-6563,196,6,7,0,Webinar,No
0319832,Kentucky,7-700-868-7177,130,3,3,5,Print,No
8823638,Louisiana,0-011-114-3562,129,6,6,4,Print,No
3563556,Pennsylvania,7-354-583-5024,59,20,26,9,Webinar,Yes
9702043,New York,3-557-144-8765,74,5,21,11,Adwords,Yes
1345477,Missouri,7-230-226-5782,181,7,7,2,Print,No
2559047,Connecticut,6-535-403-7750,77,15,12,6,Print,Yes
3774884,Delaware,4-205-638-8682,80,29,27,3,Adwords,Yes
7847361,Georgia,6-111-621-7116,158,4,6,3,Tradeshow,No
4246955,Tennessee,6-570-885-3684,203,2,6,5,Tradeshow,No
2462605,Ohio,1-550-036-3836,233,6,5,0,Print,No
9615958,Colorado,5-865-215-3772,147,2,6,3,Webinar,No
2970540,Florida,3-335-640-2734,227,4,2,2,Print,No
6217657,California,8-018-067-2746,221,6,6,4,Webinar,No
4842187,North Dakota,3-761-584-7472,125,5,5,5,Adwords,No
4148300,Maryland,3-567-535-3186,69,17,14,7,Tradeshow,Yes
5254746,Delaware,4-720-410-3238,88,25,5,5,Adwords,Yes
6772990,Connecticut,7-723-811-0457,70,14,15,7,Print,Yes
2784118,West Virginia,7-541-102-1008,216,2,6,5,Webinar,No
5428900,Texas,5-585-245-5610,195,7,7,2,Tradeshow,No
5718393,Nevada,6-311-234-2138,101,3,5,4,Tradeshow,No
4906711,Illinois,1-764-107-2546,203,6,6,3,Adwords,No
8819296,South Dakota,4-610-365-0218,122,7,6,4,Print,No
7364750,Nebraska,2-111-812-8885,227,2,2,3,Tradeshow,No
8433774,New Jersey,6-622-801-8654,51,13,14,13,Webinar,Yes
9136250,Connecticut,5-622-113-8033,80,18,28,7,Tradeshow,Yes
5711928,Utah,4-756-754-5065,200,7,5,0,Tradeshow,No
8272503,New Jersey,7-646-286-0836,121,4,3,1,Tradeshow,No
6719286,Massachussets,1-638-863-5785,86,7,6,2,Tradeshow,No
7367201,Florida,6-106-331-0651,111,6,4,4,Tradeshow,No
0206720,Missouri,3-275-676-1368,119,7,7,4,Tradeshow,No
9707691,Florida,3-328-402-6562,112,3,4,2,Print,No
2013899,Kentucky,2-326-631-2465,100,3,2,5,Tradeshow,No
7027205,Kansas,7-831-717-4630,183,7,2,1,Adwords,No
3307976,Delaware,3-860-470-4527,58,9,18,3,Adwords,Yes
3599780,New York,7-104-284-8886,93,12,5,9,Webinar,Yes
2542782,Maryland,3-861-516-1830,233,2,3,3,Tradeshow,No
5158119,New Mexico,0-662-267-3163,108,6,5,2,Tradeshow,No
6359193,Illinois,3-288-563-6772,100,5,2,3,Print,No
1005330,Texas,2-538-166-8700,206,2,4,0,Tradeshow,No
9324650,Maryland,5-525-332-0483,80,17,27,11,Tradeshow,Yes
8804706,Washington,3-523-764-8356,133,4,7,1,Tradeshow,No
9943373,West Virginia,1-764-350-6387,212,4,4,4,Print,No
4484052,Mississippi,4-641-763-4577,187,6,4,4,Print,No
3276650,Washington,4-427-087-0070,198,2,6,3,Webinar,No
3960222,Hawaii,0-454-138-2583,159,3,5,1,Webinar,No
2229665,Connecticut,5-530-438-3627,53,18,16,14,Print,Yes
1108688,Ohio,8-735-351-8233,176,6,6,0,Tradeshow,No
8896376,Nebraska,4-657-601-8677,194,5,4,0,Tradeshow,No
1674984,Alaska,6-154-588-6226,155,6,3,5,Tradeshow,No
4034179,Georgia,0-840-100-1240,129,3,6,3,Print,No
3534757,Georgia,6-170-537-2333,208,7,4,1,Print,No
3211880,Michigan,7-127-385-5055,222,4,4,2,Webinar,No
2475929,New Hampshire,7-302-665-8516,189,2,7,5,Print,No
6557688,Florida,4-752-078-2340,158,4,6,3,Print,No
7751066,North Dakota,8-075-883-4446,93,7,3,1,Tradeshow,No
7415283,Indiana,4-611-714-4315,125,5,6,0,Print,No
0742761,New Hampshire,6-348-563-2625,159,7,5,2,Tradeshow,No
2489178,Minnesota,3-777-876-8653,249,2,6,1,Print,No
1216840,Maryland,5-053-843-7336,83,21,14,13,Tradeshow,Yes
2256083,New Hampshire,2-355-621-4406,132,4,6,0,Print,No
7054858,Tennessee,8-163-457-4131,241,2,6,4,Tradeshow,No
6708785,New Mexico,6-703-354-2340,143,6,5,0,Print,No
4257024,Florida,4-655-028-4541,219,3,3,1,Tradeshow,No
4230020,Massachussets,7-386-023-5782,220,4,6,1,Print,No
5656545,Indiana,7-156-738-8251,202,4,7,5,Tradeshow,No
1944845,New Mexico,4-576-214-1352,224,5,6,3,Tradeshow,No
3567038,Oregon,1-384-047-0163,126,2,6,0,Adwords,No
4632556,Ohio,7-624-564-3685,189,5,3,0,Webinar,No
7775211,Kansas,8-647-561-8201,161,3,4,1,Adwords,No
9005236,Nebraska,2-783-547-8482,144,4,5,0,Tradeshow,No
6952807,Mississippi,8-847-888-5583,112,7,3,2,Print,No
8090568,Delaware,3-356-572-4132,236,2,6,3,Print,No
3940261,Delaware,7-876-233-1462,139,6,6,1,Webinar,No
3611344,Delaware,4-650-807-8870,99,26,13,3,Adwords,Yes
5977590,New Jersey,7-721-604-3231,247,5,4,1,Tradeshow,No
3967793,Connecticut,5-617-054-0148,53,9,23,4,Print,Yes
2695534,Connecticut,6-157-807-7186,153,3,3,0,Adwords,No
3392412,North Dakota,0-337-616-1618,178,3,5,5,Adwords,No
4014896,Louisiana,4-447-870-3060,230,4,7,1,Tradeshow,No
9738099,New Jersey,7-423-278-8328,86,25,10,11,Webinar,Yes
6054288,Ohio,6-034-585-6181,113,7,6,4,Webinar,No
1124015,Nebraska,2-373-388-8720,181,7,2,4,Tradeshow,No
5284164,Indiana,7-866-770-8550,200,7,2,4,Webinar,No
8732270,New Jersey,0-731-641-4378,53,13,24,7,Webinar,Yes
2008927,Missouri,3-058-848-4811,111,2,3,5,Webinar,No
3996565,Connecticut,2-644-777-3116,76,26,24,11,Print,Yes
9478577,Arizona,1-827-070-7561,239,5,7,1,Webinar,No
3046487,West Virginia,1-636-581-3838,117,7,5,1,Adwords,No
3688697,Oregon,2-614-637-1355,228,7,7,2,Tradeshow,No
1635521,Nebraska,4-156-076-6101,219,5,3,4,Tradeshow,No
2787666,Oregon,1-622-462-7344,187,7,6,0,Webinar,No
0304982,Rhode Island,6-746-015-0833,119,6,7,5,Print,No
0086382,Texas,0-181-260-1176,121,2,4,5,Print,No
5775148,Idaho,8-170-773-0157,107,7,2,0,Webinar,No
4048816,Oklahoma,2-368-740-2533,134,2,2,5,Tradeshow,No
2381523,Nebraska,0-882-740-8212,127,2,3,4,Tradeshow,No
4925884,Connecticut,1-567-544-2207,181,7,5,0,Print,No
5870695,Connecticut,6-800-857-5855,153,7,4,0,Adwords,No
0086802,Idaho,1-671-507-7721,181,3,5,1,Print,No
3411883,Connecticut,2-852-715-0352,230,2,5,0,Print,No
1458500,Missouri,1-200-124-6555,91,5,2,2,Adwords,No
7393035,Delaware,2-037-718-7474,135,7,5,4,Tradeshow,No
9418951,Rhode Island,5-465-048-3175,192,4,4,4,Adwords,No
3495316,Kansas,3-072-431-6761,105,3,3,4,Adwords,No
7397711,Iowa,8-877-258-1002,125,3,4,2,Print,No
6504733,Vermont,8-536-013-4177,197,7,7,0,Print,No
7828638,New York,1-046-200-3647,93,8,14,8,Adwords,Yes
1529123,Arizona,6-527-066-3120,114,2,2,1,Print,No
5873168,Delaware,2-765-160-7258,61,26,6,9,Adwords,Yes
9616812,Arizona,6-150-877-6858,161,5,3,2,Adwords,No
0007163,Pennsylvania,5-606-768-6204,73,12,28,7,Webinar,Yes
3053100,Delaware,5-165-737-1251,70,29,18,7,Adwords,Yes
3941132,Tennessee,1-581-716-2313,244,2,4,4,Tradeshow,No
4770380,Alabama,1-622-233-1485,244,7,6,0,Tradeshow,No
6988040,Maine,6-636-404-2754,136,5,3,0,Webinar,No
0744171,Kentucky,4-872-212-3785,154,5,7,1,Webinar,No
7180498,Montana,5-255-037-5581,215,5,3,3,Print,No
1990070,Mississippi,7-166-212-5723,140,2,4,4,Webinar,No
1683261,Pennsylvania,5-748-435-3880,92,5,20,11,Webinar,Yes
1477647,Vermont,0-046-730-7870,127,2,7,0,Print,No
3291336,Utah,8-623-381-5873,100,2,7,0,Adwords,No
4293815,Missouri,5-720-574-4663,191,7,7,4,Tradeshow,No
3751005,Wisconsin,5-312-035-6004,118,5,4,4,Adwords,No
5755994,Arizona,1-175-067-6568,124,6,2,2,Adwords,No
1030214,Ohio,5-674-181-7227,150,6,6,4,Webinar,No
1358912,West Virginia,2-872-070-2071,219,4,6,1,Print,No
2988490,Oregon,2-110-441-5320,221,3,2,0,Tradeshow,No
0087853,New York,8-136-535-8683,203,2,5,5,Webinar,No
2765609,Pennsylvania,2-454-632-0727,55,6,17,8,Webinar,Yes
4732419,New Jersey,2-350-232-0124,231,5,2,1,Print,No
0445896,New York,0-115-635-7041,86,24,22,11,Webinar,Yes
7836107,Georgia,7-531-031-7272,225,7,4,0,Adwords,No
4625434,Vermont,5-877-380-8831,243,6,2,2,Tradeshow,No
3139652,Delaware,7-233-311-2375,227,5,4,0,Print,No
1859793,Connecticut,5-343-316-6838,82,5,10,3,Print,Yes
5857099,Nevada,8-207-712-5477,175,6,2,0,Tradeshow,No
0298212,Connecticut,8-843-143-4375,99,23,5,13,Print,Yes
2973299,Maryland,0-622-645-7437,90,5,25,13,Tradeshow,Yes
7089547,Connecticut,2-131-256-4805,90,28,27,8,Adwords,Yes
1626205,Nevada,7-400-177-3385,131,3,5,5,Tradeshow,No
5558373,Nebraska,0-622-015-2422,163,4,5,3,Print,No
0428983,Michigan,0-263-076-1654,115,2,2,3,Tradeshow,No
0847728,Pennsylvania,3-116-630-7423,96,25,9,4,Webinar,Yes
6519781,Connecticut,5-652-068-0485,237,5,3,0,Adwords,No
9204982,Nevada,0-770-731-4385,120,6,3,3,Adwords,No
5752468,Oklahoma,3-615-022-1145,178,2,3,0,Print,No
8801328,Illinois,4-187-010-8525,239,2,2,0,Tradeshow,No
0691075,Washington,5-505-560-5313,85,4,4,5,Adwords,No
8311372,Maine,5-175-663-8455,126,3,4,1,Print,No
1802550,Idaho,6-765-012-1230,232,5,6,0,Tradeshow,No
0302643,Connecticut,4-434-568-6854,80,12,9,11,Tradeshow,Yes
5099683,Delaware,4-620-038-8140,77,22,22,6,Adwords,Yes
3967189,Wisconsin,1-325-702-5023,163,3,3,5,Print,No
8131691,Delaware,3-206-748-0400,72,16,21,14,Adwords,Yes
6083132,New Jersey,3-782-522-4846,55,7,28,12,Webinar,Yes
6263389,Rhode Island,2-463-003-8452,206,5,2,0,Adwords,No
8711193,Massachussets,8-514-382-8711,124,7,3,0,Tradeshow,No
9480180,Arizona,0-170-517-2736,177,6,6,5,Webinar,No
8145345,Connecticut,0-046-226-1076,61,24,22,13,Adwords,Yes
2239700,Maryland,7-520-528-8606,166,3,6,4,Adwords,No
1330608,Iowa,4-855-765-2261,125,3,7,5,Webinar,No
0552286,New Jersey,3-730-718-8338,95,5,25,10,Webinar,Yes
3508562,South Dakota,2-233-733-5764,233,7,3,4,Tradeshow,No
7582694,California,3-407-523-4015,130,3,3,4,Adwords,No
2312066,Delaware,0-026-577-2585,51,28,13,9,Adwords,Yes
0482165,Massachussets,3-707-618-6642,240,4,3,0,Tradeshow,No
5609192,New Mexico,3-178-120-0406,192,7,4,2,Tradeshow,No
5670398,Mississippi,1-031-672-3752,148,3,7,2,Tradeshow,No
4218601,Maryland,5-668-431-7846,70,9,27,6,Tradeshow,Yes
7205392,Maryland,7-875-661-2053,88,14,13,11,Tradeshow,Yes
7618849,Delaware,1-558-128-2011,188,2,2,3,Tradeshow,No
0986132,Colorado,5-811-247-8638,117,4,4,1,Adwords,No
8332899,New York,1-210-040-6023,90,5,7,13,Adwords,Yes
1364915,Washington,1-444-762-1801,148,4,3,4,Print,No
0636583,Alaska,2-530-250-5241,103,2,4,0,Webinar,No
5454595,New Jersey,0-878-231-1604,88,15,15,14,Webinar,Yes
7648622,Virginia,4-082-443-2538,126,2,2,1,Tradeshow,No
6079729,Delaware,8-384-422-7383,83,10,28,11,Adwords,Yes
0146731,Nevada,5-454-855-6248,233,7,3,4,Tradeshow,No
7302796,Michigan,8-302-721-7244,231,2,4,0,Print,No
2156398,New Mexico,4-585-148-1581,169,5,5,1,Print,No
0313396,New York,5-044-208-8724,94,4,7,2,Print,No
4458966,Idaho,8-020-240-3738,200,2,6,1,Print,No
1321514,Nevada,3-544-656-0072,168,2,5,1,Adwords,No
5980498,Kentucky,0-403-383-5256,137,5,6,5,Tradeshow,No
3608215,Texas,2-334-714-6753,204,3,7,2,Webinar,No
9926651,Hawaii,5-075-558-5301,137,4,2,3,Tradeshow,No
4881434,South Dakota,6-842-812-6385,216,7,4,4,Print,No
1145567,Louisiana,3-431-801-7011,155,2,5,2,Tradeshow,No
3985900,Georgia,4-808-041-2027,113,7,7,3,Webinar,No
9596108,Iowa,3-184-288-2327,238,4,6,0,Tradeshow,No
7976827,Georgia,3-653-240-0478,96,4,3,2,Tradeshow,No
8306714,Iowa,7-750-658-2430,120,6,5,0,Print,No
0862094,Massachussets,1-714-124-4767,223,5,2,5,Tradeshow,No
6064437,Arkansas,5-063-508-8667,126,6,5,0,Print,No
3550037,Wyoming,2-350-866-2081,153,6,3,3,Tradeshow,No
4018809,Oregon,5-440-064-3670,242,7,7,1,Tradeshow,No
2464092,Louisiana,2-353-035-2072,219,4,5,1,Tradeshow,No
9925742,Minnesota,4-643-183-3575,124,7,2,2,Tradeshow,No
3552173,Maryland,5-420-760-6576,94,13,28,12,Tradeshow,Yes
9515046,Georgia,3-423-042-7751,146,2,6,5,Adwords,No
0113410,Nevada,5-808-858-6622,202,5,6,2,Print,No
5720880,New Jersey,2-568-360-4674,55,19,29,12,Webinar,Yes
0067230,Georgia,1-473-312-2332,128,5,4,4,Webinar,No
3148795,Alabama,0-183-707-5885,181,2,6,5,Print,No
7831380,Arizona,8-462-358-2041,85,2,5,5,Tradeshow,No
3717506,Vermont,2-076-306-6242,103,6,6,4,Print,No
8199329,Delaware,2-605-521-4461,85,23,19,4,Adwords,Yes
1641602,California,2-250-032-1148,199,2,5,5,Print,No
0449956,North Carolina,2-820-517-1172,96,3,2,0,Tradeshow,No
3156556,New Jersey,7-662-417-4067,124,6,2,1,Webinar,No
6237349,Kansas,2-586-451-4318,157,6,6,1,Print,No
2125864,Arizona,8-755-386-2544,91,4,2,4,Tradeshow,No
8149762,Vermont,2-444-762-2764,127,7,7,0,Tradeshow,No
3937019,Louisiana,4-703-625-6855,140,3,4,2,Tradeshow,No
8706571,Montana,5-235-827-5076,109,3,2,0,Adwords,No
1710350,Connecticut,8-155-580-5672,120,6,5,1,Tradeshow,No
1730254,North Dakota,7-511-522-6253,122,5,6,1,Webinar,No
4031313,Delaware,8-660-140-0557,86,27,19,3,Adwords,Yes
3484401,Hawaii,2-621-374-2725,226,7,5,1,Print,No
1180913,Delaware,8-701-402-8486,87,8,15,6,Adwords,Yes
1087165,New Jersey,2-234-585-1664,53,13,13,14,Webinar,Yes
6859840,Washington,1-224-224-1163,116,5,4,4,Print,No
7266969,Mississippi,6-260-108-2468,229,5,6,5,Print,No
2523840,Delaware,8-537-687-1011,85,22,24,7,Adwords,Yes
2838723,South Dakota,0-153-018-8220,140,3,6,4,Print,No
9196135,Alaska,8-023-347-0172,100,7,6,5,Tradeshow,No
9760604,Alabama,2-244-827-4127,108,2,3,3,Tradeshow,No
6897621,New York,4-314-384-2161,95,4,2,0,Tradeshow,No
6911921,Maryland,3-220-574-3722,193,6,7,5,Print,No
2319158,Nevada,4-075-833-8383,166,6,2,4,Tradeshow,No
1665666,Idaho,6-788-132-4057,119,2,4,3,Webinar,No
8359176,Rhode Island,0-045-207-8482,200,2,5,4,Webinar,No
8949695,Tennessee,5-804-518-4583,221,5,7,3,Print,No
5567234,Maryland,1-157-655-7881,172,2,3,4,Print,No
8438614,Nebraska,7-055-757-1728,155,5,4,2,Print,No
5216867,Hawaii,6-503-482-3221,104,7,6,2,Webinar,No
6405340,Maryland,4-062-503-7813,96,5,8,7,Tradeshow,Yes
7955678,California,3-704-858-7373,113,5,7,5,Webinar,No
6990837,Maryland,1-483-874-5232,126,7,4,5,Adwords,No
8965241,Delaware,0-430-434-4680,60,25,5,11,Adwords,Yes
8570279,Missouri,1-121-548-8280,130,4,6,4,Tradeshow,No
8753957,Texas,8-868-816-1640,99,5,4,3,Webinar,No
1618494,Iowa,2-030-187-2877,223,2,7,1,Tradeshow,No
6573560,Pennsylvania,6-022-885-4344,66,13,15,8,Webinar,Yes
4625163,Wyoming,4-824-102-3158,182,3,5,1,Print,No
4823985,Delaware,8-512-032-3421,81,9,19,13,Adwords,Yes
8425944,Kentucky,1-722-887-2866,149,3,5,0,Adwords,No
2777599,Maryland,3-012-533-4767,226,6,4,5,Adwords,No
4967728,Connecticut,3-725-451-6734,248,4,7,4,Webinar,No
0338803,Washington,3-523-108-1327,196,7,5,0,Webinar,No
1385327,Connecticut,3-054-615-2730,89,13,11,14,Adwords,Yes
3702909,Maryland,4-720-823-8523,78,15,10,13,Tradeshow,Yes
3997851,Hawaii,1-541-451-6870,229,7,4,3,Webinar,No
1699320,Massachussets,0-686-670-7810,148,7,4,2,Print,No
8838996,Illinois,8-251-855-5884,225,7,3,1,Tradeshow,No
2908903,Maryland,8-183-063-3564,240,5,4,1,Webinar,No
5594478,New Mexico,7-620-556-6381,213,4,4,3,Print,No
7392584,Arizona,3-418-672-5208,199,3,3,1,Print,No
9462357,Texas,0-664-656-3601,110,4,4,4,Webinar,No
6322076,Oregon,5-348-533-4318,209,4,3,0,Tradeshow,No
8149906,Alaska,3-576-237-8084,211,7,5,3,Webinar,No
0494335,South Carolina,4-726-377-8438,226,7,4,4,Tradeshow,No
4222195,Connecticut,2-375-312-6634,56,15,10,7,Adwords,Yes
7732240,New York,6-175-782-7080,248,7,7,0,Webinar,No
5169644,Connecticut,2-663-134-2384,227,2,4,4,Tradeshow,No
2946175,Connecticut,2-836-874-1376,83,29,20,5,Print,Yes
1559379,Delaware,4-036-410-3204,74,5,27,9,Adwords,Yes
7246887,Minnesota,1-576-524-5024,227,3,3,3,Print,No
8382651,Montana,3-157-410-4680,183,7,2,0,Adwords,No
7521035,Delaware,2-306-480-5232,221,3,4,1,Print,No
2414106,South Dakota,6-685-016-0850,151,5,2,1,Print,No
6762540,New Mexico,3-631-531-5433,136,2,4,4,Adwords,No
2831289,New Hampshire,6-837-362-7722,139,3,5,3,Print,No
4290951,New Jersey,0-356-114-7067,83,7,19,5,Webinar,Yes
5108098,Alabama,1-453-302-8145,165,4,2,5,Adwords,No
7006817,New Jersey,1-874-332-4482,98,25,21,13,Webinar,Yes
3015637,Nevada,2-077-306-8820,103,2,5,4,Webinar,No
2232844,Maryland,0-814-581-6806,60,23,25,3,Tradeshow,Yes
2738049,Florida,0-848-535-4551,164,7,3,4,Tradeshow,No
4221028,Hawaii,8-161-327-6747,190,6,2,2,Print,No
3742303,Connecticut,0-308-245-5362,66,12,15,9,Print,Yes
4522041,Maine,2-267-552-1714,224,5,6,5,Print,No
6531456,Iowa,1-104-077-0216,191,3,2,4,Print,No
0107424,Delaware,3-200-567-3386,247,6,6,0,Webinar,No
3243829,New Mexico,4-768-062-8843,142,2,3,3,Tradeshow,No
3406016,Georgia,2-653-301-8038,211,4,7,1,Tradeshow,No
8104443,Pennsylvania,1-834-341-3277,59,17,21,14,Webinar,Yes
7243580,Montana,4-774-417-8122,152,5,5,3,Print,No
0706452,Maryland,0-018-116-1700,71,8,22,8,Tradeshow,Yes
2904090,Kansas,0-846-888-2420,244,2,2,0,Webinar,No
2349645,South Carolina,4-203-701-4267,125,6,3,0,Print,No
7614358,New Jersey,1-240-311-5287,64,25,25,9,Webinar,Yes
2227725,Delaware,0-832-066-3115,52,13,22,7,Adwords,Yes
9241878,New Jersey,4-154-828-8206,76,15,20,14,Webinar,Yes
8562235,South Dakota,5-561-846-5463,205,4,2,3,Webinar,No
6829836,Wyoming,3-157-378-8181,223,6,7,3,Print,No
6808496,Colorado,2-168-644-0886,86,7,4,5,Tradeshow,No
8536967,New Jersey,7-843-161-2604,70,13,29,6,Webinar,Yes
8167016,Wisconsin,8-432-007-1053,104,4,3,2,Tradeshow,No
6700759,Wyoming,4-832-717-6355,169,2,4,5,Print,No
4096923,Maine,3-514-028-2724,247,4,4,0,Print,No
9663714,Minnesota,3-475-448-0876,122,6,6,2,Tradeshow,No
1831442,Kansas,6-165-545-5628,117,3,2,4,Tradeshow,No
1597282,New Jersey,0-461-070-4885,83,6,17,3,Webinar,Yes
0068425,Alabama,3-465-562-3562,198,4,6,2,Tradeshow,No
3570858,Florida,4-453-828-1865,148,3,2,4,Webinar,No
4716857,Maryland,1-162-300-6255,86,5,25,11,Tradeshow,Yes
1348223,New York,8-427-466-5441,111,4,7,4,Adwords,No
3119924,Connecticut,6-875-271-6845,67,9,28,10,Adwords,Yes
4351110,Delaware,0-730-270-2152,55,28,7,5,Adwords,Yes
0994745,Pennsylvania,5-675-166-1547,105,3,6,1,Print,No
6397824,New Jersey,3-534-210-2513,202,4,3,5,Print,No
3774262,Louisiana,3-005-630-8558,135,3,4,3,Tradeshow,No
4337236,Iowa,3-486-434-2881,128,5,2,2,Print,No
0869484,Rhode Island,1-482-372-4107,159,6,3,4,Print,No
6618007,Delaware,7-365-016-6382,57,23,26,6,Adwords,Yes
8478287,West Virginia,3-031-656-8045,153,2,5,4,Print,No
9287910,Georgia,6-077-633-1275,182,2,7,4,Print,No
3773583,Kansas,5-000-208-1833,120,4,7,3,Webinar,No
9521393,Kansas,2-322-540-4266,151,7,6,3,Webinar,No
3163873,Massachussets,2-713-108-6320,112,6,7,4,Tradeshow,No
0580507,Virginia,4-612-178-4132,181,7,6,3,Tradeshow,No
0861800,Connecticut,7-570-542-6858,84,28,23,9,Print,Yes
8398405,Delaware,7-612-840-5728,79,18,27,9,Adwords,Yes
7904165,Delaware,0-223-764-1873,65,9,6,12,Adwords,Yes
4739035,Louisiana,7-774-252-1132,149,6,4,0,Webinar,No
8471497,Maryland,5-638-461-8333,69,20,16,12,Tradeshow,Yes
6736732,Washington,4-884-064-1274,94,3,3,2,Webinar,No
8672851,Connecticut,1-572-200-0420,69,15,17,14,Print,Yes
0321192,Kansas,3-776-764-7842,238,3,3,2,Print,No
3033319,Pennsylvania,6-656-418-1174,57,7,17,13,Webinar,Yes
4273681,Montana,5-653-862-0480,170,2,4,0,Tradeshow,No
0193511,Mississippi,2-056-335-1436,191,6,5,3,Print,No
8887096,New Mexico,4-021-507-5356,224,3,4,0,Adwords,No
0059741,Kentucky,3-020-124-1774,170,5,7,0,Tradeshow,No
1942356,Ohio,6-607-544-5464,153,7,7,5,Adwords,No
9678183,Georgia,5-215-826-8174,122,4,5,0,Print,No
5962849,Maryland,4-566-038-2463,90,13,22,6,Tradeshow,Yes
2100905,New Jersey,1-431-630-5077,73,26,9,14,Webinar,Yes
3100127,New York,7-888-471-2130,70,14,24,12,Webinar,Yes
6611230,Pennsylvania,6-136-574-6680,89,6,13,6,Webinar,Yes
4655409,Arkansas,4-567-845-5165,147,4,3,0,Print,No
6695850,Pennsylvania,1-572-816-5234,77,18,6,14,Webinar,Yes
7236135,Maryland,4-142-086-8484,79,7,15,9,Tradeshow,Yes
1209867,Oregon,5-256-025-0587,192,5,4,4,Tradeshow,No
5693875,Pennsylvania,7-721-026-5186,141,5,3,0,Print,No
0953193,Pennsylvania,6-420-823-0282,92,26,28,3,Webinar,Yes
9321603,Hawaii,0-518-370-8636,102,6,7,3,Tradeshow,No
0110074,New York,4-827-308-5427,111,3,5,1,Print,No
6982046,California,2-514-233-1563,207,4,7,1,Adwords,No
1524629,Indiana,4-688-468-7872,201,2,4,0,Tradeshow,No
0801189,Virginia,2-734-374-2870,130,2,7,4,Print,No
8544896,Tennessee,3-827-423-4356,94,3,3,1,Print,No
0616042,Kentucky,0-848-225-5307,225,7,7,1,Tradeshow,No
5278769,Virginia,0-820-067-1764,98,7,7,0,Tradeshow,No
4543894,Pennsylvania,7-782-340-8305,101,5,7,5,Tradeshow,No
9628248,Georgia,0-383-200-6644,114,2,5,4,Tradeshow,No
4313388,Wisconsin,4-702-873-0113,147,7,4,4,Print,No
5621985,South Dakota,6-451-087-1070,210,7,7,3,Webinar,No
8330255,New York,7-124-715-6865,82,9,20,4,Adwords,Yes
0678780,Kansas,6-708-552-0341,96,7,4,4,Print,No
3542657,Wisconsin,0-316-506-4855,128,3,7,0,Webinar,No
2361005,Maryland,1-752-216-8103,59,23,22,12,Tradeshow,Yes
3705866,Connecticut,0-107-577-5782,75,19,25,10,Tradeshow,Yes
8522180,Michigan,2-443-216-0142,218,7,2,5,Webinar,No
9871668,Indiana,6-851-050-2841,152,2,7,1,Print,No
9198183,Maryland,6-670-644-8203,241,4,2,0,Tradeshow,No
9442630,Colorado,8-256-664-3013,232,6,2,5,Print,No
6359696,Oklahoma,2-516-750-5777,86,6,4,5,Adwords,No
4824023,Connecticut,7-566-585-1657,238,3,2,3,Tradeshow,No
8409032,Florida,0-238-400-4267,121,5,2,1,Tradeshow,No
2752245,Connecticut,8-164-336-6216,99,14,24,7,Print,Yes
2747749,Ohio,1-321-238-6243,170,6,6,0,Print,No
8366431,Indiana,3-753-710-6400,213,4,6,4,Adwords,No
1486175,Iowa,8-426-144-1444,91,3,5,0,Webinar,No
9648740,New Hampshire,8-314-840-4868,170,6,5,2,Tradeshow,No
5341867,Pennsylvania,3-183-067-7378,192,5,3,3,Print,No
8482277,New York,6-276-005-0143,84,21,20,14,Adwords,Yes
2649695,Pennsylvania,6-865-647-7338,99,7,25,11,Webinar,Yes
1732808,Tennessee,7-054-378-8217,117,6,4,3,Tradeshow,No
1033705,New Jersey,5-661-711-4174,51,21,11,13,Webinar,Yes
2689691,Idaho,2-632-655-1821,203,3,2,1,Webinar,No
8626468,Missouri,3-320-102-1762,101,7,4,1,Tradeshow,No
8461046,Montana,3-118-213-5700,153,3,4,3,Tradeshow,No
5029840,Delaware,2-253-757-2408,73,16,19,9,Adwords,Yes
8507059,Maryland,3-612-887-0723,176,4,7,2,Tradeshow,No
9078340,Indiana,7-785-210-4586,193,6,7,0,Tradeshow,No
8189557,North Dakota,4-827-335-1283,151,5,3,0,Print,No
8431153,Kentucky,0-733-136-3543,94,7,7,2,Webinar,No
7641067,Ohio,0-835-400-6657,236,7,6,1,Adwords,No
8178104,Alaska,0-041-483-7140,113,6,2,1,Print,No
6561359,New Jersey,2-477-104-2875,147,3,3,3,Print,No
4326308,Illinois,0-018-774-6576,227,5,3,0,Tradeshow,No
3582429,Delaware,8-826-174-4364,97,12,22,7,Adwords,Yes
1800924,North Dakota,6-403-513-1155,191,4,7,1,Tradeshow,No
7039991,Connecticut,2-716-302-8811,62,8,11,12,Print,Yes
7626247,Hawaii,0-351-458-5873,183,2,2,0,Tradeshow,No
7359992,California,8-717-426-7764,168,2,7,4,Tradeshow,No
2375191,Maine,7-235-164-0047,96,4,2,1,Webinar,No
4746688,Iowa,8-566-648-1762,201,5,7,0,Print,No
7352886,Colorado,4-086-377-4827,85,5,2,3,Tradeshow,No
3149377,Michigan,6-106-807-6430,202,7,6,1,Tradeshow,No
9905766,Iowa,5-668-008-3037,129,4,2,1,Tradeshow,No
0776455,Nebraska,0-230-030-1743,85,4,6,3,Tradeshow,No
2327443,Connecticut,3-835-672-0847,57,18,18,9,Print,Yes
7160053,New Jersey,1-707-675-5444,90,29,28,7,Webinar,Yes
4972596,Alabama,3-730-200-6013,85,5,2,1,Print,No
8948649,Oklahoma,5-674-384-5433,243,7,3,0,Tradeshow,No
8084155,Connecticut,0-663-350-0541,69,11,18,10,Print,Yes
5165722,Maryland,1-160-205-3774,97,28,5,5,Tradeshow,Yes
1257315,Connecticut,8-827-832-8835,179,5,7,5,Tradeshow,No
2145997,Delaware,2-384-313-6517,80,28,26,5,Adwords,Yes
7508788,Washington,3-448-074-7201,204,7,2,2,Tradeshow,No
3526371,Kentucky,2-488-465-5864,109,4,7,0,Print,No
0806537,Texas,5-382-181-3077,159,7,3,5,Adwords,No
8823418,Nebraska,8-728-131-0386,123,4,3,3,Webinar,No
3163078,Kentucky,4-851-807-0074,90,7,3,4,Print,No
3956492,New Jersey,5-542-402-5632,79,10,24,12,Webinar,Yes
9199530,New York,7-577-025-2551,78,27,21,14,Webinar,Yes
9310097,Delaware,3-718-132-4758,68,13,5,11,Adwords,Yes
1192837,Maryland,1-345-260-4144,76,28,8,4,Tradeshow,Yes
1410409,Delaware,6-416-625-1720,70,24,28,6,Adwords,Yes
4908730,California,7-161-121-5805,108,3,3,1,Webinar,No
0675996,Colorado,7-718-558-1556,154,7,4,4,Tradeshow,No
1291793,Delaware,4-085-758-7026,84,14,12,11,Adwords,Yes
2292432,Nebraska,4-388-301-1706,243,5,4,4,Tradeshow,No
5016739,Idaho,1-458-427-7311,139,6,4,1,Print,No
0202585,North Carolina,6-218-211-0207,100,7,3,5,Tradeshow,No
9917741,North Dakota,8-415-342-8875,177,5,5,5,Print,No
2480489,Delaware,3-564-170-6444,161,2,5,3,Adwords,No
1244279,Connecticut,5-576-507-6660,85,9,6,7,Print,Yes
9706502,Maryland,6-755-641-6216,50,24,23,14,Tradeshow,Yes
9218916,California,6-554-811-1042,180,4,2,5,Print,No
7749650,Delaware,0-574-212-3243,127,2,2,2,Webinar,No
2290818,Minnesota,7-141-231-1157,155,4,6,4,Print,No
8559551,Kansas,4-510-821-6787,228,7,5,5,Tradeshow,No
0868886,Maine,6-883-210-2504,187,6,5,1,Print,No
1359054,Virginia,7-842-280-0045,200,6,2,5,Print,No
2916842,Delaware,2-632-426-0704,74,11,19,4,Adwords,Yes
9189565,Maine,0-824-020-2070,160,2,6,3,Webinar,No
3740611,Iowa,7-641-675-1774,232,7,2,0,Tradeshow,No
6168295,Delaware,6-423-018-7460,63,16,7,10,Adwords,Yes
3508506,Connecticut,4-510-684-3203,85,13,29,5,Print,Yes
3097608,North Dakota,1-182-131-0282,141,5,2,0,Webinar,No
8162473,New Jersey,3-132-512-3310,65,10,13,5,Webinar,Yes
7172377,South Dakota,1-256-847-3383,181,2,5,3,Print,No
8731261,Arkansas,4-367-758-0885,87,3,3,3,Webinar,No
0028189,Kansas,5-655-066-3700,100,2,7,3,Print,No
2801331,Missouri,4-405-575-2567,203,6,2,2,Tradeshow,No
2897903,New York,2-601-048-0541,76,20,12,14,Adwords,Yes
6921456,Nevada,5-228-600-6400,89,2,5,1,Tradeshow,No
9502544,Delaware,0-438-238-1856,167,6,7,3,Webinar,No
6265674,Idaho,7-448-884-8050,218,6,6,2,Adwords,No
3814456,New Jersey,6-868-342-4753,59,9,20,6,Webinar,Yes
6578531,Oklahoma,1-507-773-4534,199,6,5,2,Webinar,No
9100024,Kansas,0-800-544-5280,171,6,7,4,Print,No
3107667,Illinois,7-360-541-7552,249,3,7,3,Print,No
3824383,Connecticut,2-672-477-6828,56,27,25,3,Adwords,Yes
2963733,Pennsylvania,1-008-537-3126,137,7,4,1,Print,No
9251973,Utah,4-405-111-3001,244,2,6,2,Tradeshow,No
2300103,Arkansas,8-785-124-8851,208,3,6,5,Print,No
0382344,Delaware,7-068-203-4512,93,27,21,11,Adwords,Yes
8298270,Utah,2-103-463-5811,231,2,5,3,Print,No
5998851,Pennsylvania,5-063-877-6507,98,26,22,6,Webinar,Yes
4255672,Hawaii,8-335-744-7477,111,2,3,5,Print,No
3833356,Mississippi,7-663-365-7385,203,2,7,1,Print,No
4568404,Oklahoma,0-374-462-4786,112,2,5,5,Tradeshow,No
8933770,Colorado,7-224-007-7803,190,4,5,1,Adwords,No
9101563,Oregon,6-086-833-8438,139,4,7,2,Tradeshow,No
0548761,Michigan,7-572-533-3144,131,5,4,4,Tradeshow,No
3266175,Colorado,4-456-870-4783,199,3,4,0,Print,No
9624187,Connecticut,0-441-112-6370,85,5,15,13,Print,Yes
0544809,Wisconsin,8-141-615-1065,223,5,2,0,Adwords,No
0357259,South Carolina,3-810-701-0258,179,5,2,2,Tradeshow,No
6850549,Arizona,7-611-861-3171,202,5,7,2,Adwords,No
0005948,Rhode Island,4-555-115-2764,128,5,4,4,Print,No
3462032,Delaware,0-688-284-4470,58,28,26,6,Adwords,Yes
8408935,Texas,0-135-606-7264,192,2,6,4,Print,No
0056721,Maryland,1-404-572-3147,93,16,5,8,Tradeshow,Yes
8224978,Virginia,7-354-415-2550,159,4,6,3,Print,No
9548107,Connecticut,4-156-716-7733,212,6,3,1,Adwords,No
4006276,Georgia,8-705-313-3716,248,4,5,1,Webinar,No
7075753,Indiana,1-574-583-5383,237,2,5,0,Tradeshow,No
6312528,Connecticut,7-684-217-0061,60,29,22,10,Adwords,Yes
1559110,Alaska,4-344-614-0134,181,2,3,1,Tradeshow,No
5285473,South Dakota,0-071-200-7822,219,5,5,5,Print,No
9278206,New Jersey,3-154-172-4436,120,6,2,1,Adwords,No
3188499,New Jersey,7-714-352-5050,99,23,9,5,Webinar,Yes
0540105,Washington,2-538-586-4602,91,6,7,4,Webinar,No
9975718,Pennsylvania,2-434-311-7222,53,23,12,6,Webinar,Yes
2225273,Montana,2-275-634-0723,148,5,4,2,Print,No
8398523,Nevada,1-323-734-6128,125,2,6,4,Webinar,No
7589459,Pennsylvania,4-421-803-1355,113,2,5,2,Print,No
9282661,South Dakota,7-534-073-2886,146,4,4,1,Tradeshow,No
8268091,Idaho,7-816-746-8321,237,2,5,5,Print,No
0336857,Connecticut,1-315-402-6156,71,15,25,9,Print,Yes
0826463,Nebraska,5-232-585-8287,124,6,5,3,Adwords,No
8673732,Massachussets,8-728-324-8527,100,2,7,5,Tradeshow,No
5922349,Mississippi,6-036-534-3800,125,5,6,3,Print,No
2650839,Colorado,7-278-773-7867,243,5,4,4,Webinar,No
5161030,New Jersey,2-414-520-8046,57,10,23,14,Webinar,Yes
2130510,Nevada,5-602-027-5751,98,5,4,5,Webinar,No
0409689,South Carolina,8-728-267-2208,198,7,3,1,Webinar,No
6983522,Virginia,5-130-856-1250,202,6,4,2,Tradeshow,No
1943895,Arizona,1-751-170-4028,169,5,5,2,Print,No
1359430,Mississippi,3-085-785-6506,123,6,5,1,Print,No
1684737,Massachussets,6-202-685-6127,172,6,3,3,Adwords,No
1796269,Ohio,5-470-411-0078,211,2,2,2,Print,No
5859312,Oklahoma,6-621-683-0754,128,4,6,0,Webinar,No
1605789,Hawaii,5-244-612-2626,93,2,2,3,Tradeshow,No
3229956,Oregon,8-250-870-4175,236,7,6,3,Tradeshow,No
7393133,New Jersey,0-514-104-4588,55,13,20,6,Webinar,Yes
0405850,Alaska,3-144-884-2305,204,4,7,0,Print,No
4074910,Iowa,3-177-550-5488,146,6,6,2,Webinar,No
9412904,Connecticut,3-115-486-1771,74,24,5,3,Print,Yes
8605036,Delaware,2-116-845-0611,75,20,25,6,Adwords,Yes
6025337,New Jersey,2-050-510-4816,91,26,27,3,Webinar,Yes
4756524,California,8-733-738-7575,99,5,5,1,Adwords,No
2288175,Illinois,7-050-548-1031,143,3,6,5,Tradeshow,No
2867111,Tennessee,7-841-086-1281,178,4,2,2,Tradeshow,No
5676553,Colorado,3-752-076-8487,194,3,4,2,Print,No
2633989,Maryland,4-673-875-1581,65,24,22,14,Tradeshow,Yes
0762443,Massachussets,7-083-500-7667,129,7,5,4,Print,No
4740708,Colorado,0-740-332-7845,124,4,4,2,Adwords,No
8663982,North Dakota,8-146-178-0882,108,3,4,5,Adwords,No
5632423,New Jersey,8-453-870-5514,96,16,21,6,Webinar,Yes
9304891,Connecticut,2-627-441-6818,56,21,17,3,Tradeshow,Yes
6698720,Nevada,3-618-714-4323,121,3,2,2,Webinar,No
1021078,Illinois,4-505-527-8317,153,7,4,3,Print,No
4955735,New Hampshire,4-422-230-6173,179,6,3,2,Tradeshow,No
7617087,Michigan,8-206-470-6711,102,5,7,2,Print,No
1216956,Arizona,5-667-245-8401,195,4,3,2,Adwords,No
1671946,Oklahoma,6-718-866-5727,158,7,5,2,Tradeshow,No
5539143,New York,1-030-467-0530,85,7,22,7,Adwords,Yes
5985632,New Jersey,2-073-804-0230,53,7,13,7,Webinar,Yes
9098369,North Dakota,1-765-328-4087,162,7,4,0,Adwords,No
9286248,Ohio,2-458-710-3572,237,2,3,0,Tradeshow,No
7218727,Maine,0-785-644-8283,131,4,2,5,Tradeshow,No
1269795,Vermont,3-603-144-3688,221,4,4,0,Print,No
5217432,Tennessee,4-741-532-5726,141,5,5,4,Tradeshow,No
3351984,New Jersey,6-647-874-7513,77,9,21,11,Webinar,Yes
8689508,Tennessee,6-310-817-6282,187,7,7,2,Print,No
0829124,Hawaii,3-070-552-4734,140,3,2,5,Print,No
7560717,Delaware,7-566-706-2663,86,26,20,3,Adwords,Yes
6503333,Louisiana,8-047-855-6277,204,5,7,0,Print,No
2138710,Texas,3-031-712-0848,235,3,7,2,Tradeshow,No
4467003,California,5-370-178-8173,140,7,5,1,Print,No
3366294,Louisiana,8-534-256-0646,212,3,2,4,Print,No
9284139,Connecticut,8-320-645-3256,70,10,20,14,Print,Yes
8579787,Mississippi,6-316-116-4317,227,7,5,0,Print,No
4280397,Nevada,4-576-185-2768,237,3,2,1,Adwords,No
5293049,Rhode Island,6-328-361-6183,246,2,6,4,Webinar,No
0500612,Delaware,0-306-754-3271,67,16,17,6,Adwords,Yes
6112668,Arizona,0-075-318-4202,96,7,2,2,Tradeshow,No
8807507,New York,1-840-562-7112,75,19,11,5,Adwords,Yes
6341889,New Jersey,3-272-076-3758,70,26,24,8,Webinar,Yes
9745710,Delaware,2-321-874-6527,146,6,7,0,Webinar,No
5424237,Alabama,1-160-718-8074,161,7,5,2,Adwords,No
5131542,Nebraska,6-480-300-1435,136,2,3,5,Webinar,No
0939850,New Jersey,3-558-856-7416,62,7,13,3,Webinar,Yes
5973142,New Jersey,2-102-557-1403,77,24,7,9,Webinar,Yes
5377184,Arkansas,2-521-255-2414,140,2,2,1,Adwords,No
7956731,Maryland,0-472-017-5558,53,19,16,11,Tradeshow,Yes
1313438,Louisiana,4-213-080-8426,127,6,4,5,Print,No
1853435,Maine,5-178-125-3714,151,6,4,2,Tradeshow,No
4119653,Tennessee,8-545-556-3175,107,2,3,1,Tradeshow,No
5028745,Pennsylvania,3-457-360-7080,84,13,22,7,Webinar,Yes
4571639,Rhode Island,2-447-825-5867,207,2,5,5,Webinar,No
4994619,Hawaii,6-288-377-0104,112,7,5,5,Adwords,No
9563699,Kentucky,6-581-412-6548,118,4,2,4,Print,No
0557113,South Carolina,3-377-400-8610,177,3,7,3,Print,No
2481407,Washington,4-700-405-1270,216,3,4,1,Webinar,No
8257097,West Virginia,3-428-024-4284,177,3,3,5,Adwords,No
2403019,Iowa,8-226-262-2476,109,3,7,3,Print,No
2313212,Colorado,8-830-401-2202,189,7,3,1,Tradeshow,No
7145002,Connecticut,2-146-558-4306,82,19,11,9,Adwords,Yes
4870494,Massachussets,3-463-226-4885,94,3,7,0,Tradeshow,No
1763001,Connecticut,1-851-802-6421,64,22,11,6,Tradeshow,Yes
7545550,Ohio,7-672-538-4557,235,7,5,4,Tradeshow,No
1196156,Tennessee,8-645-670-5180,165,2,4,5,Print,No
8961236,California,5-842-748-3040,213,4,5,3,Print,No
2871264,New Mexico,3-447-101-5352,135,3,4,0,Print,No
1236015,New Jersey,1-113-020-7823,96,24,9,12,Webinar,Yes
2929500,Missouri,7-315-412-1540,177,2,6,2,Print,No
9043582,Vermont,8-556-087-3213,210,7,2,5,Tradeshow,No
2042561,New York,1-567-333-7403,79,11,25,13,Webinar,Yes
0536072,Rhode Island,1-103-382-6411,238,5,4,0,Tradeshow,No
3378930,Nebraska,6-312-568-1735,198,7,5,3,Print,No
0050017,New Jersey,1-378-635-0307,171,2,5,4,Print,No
1387552,Connecticut,4-438-145-0548,72,20,8,3,Print,Yes
1315092,Maryland,2-615-648-3067,223,2,7,1,Tradeshow,No
3423090,Nevada,5-837-244-3754,230,7,4,1,Tradeshow,No
5184113,North Carolina,1-611-611-8468,200,7,7,0,Webinar,No
6032601,South Dakota,4-581-484-7716,224,6,3,4,Tradeshow,No
8570692,Tennessee,1-013-232-0326,213,7,3,0,Adwords,No
4134850,New York,0-100-541-2150,173,2,6,5,Print,No
6627667,New Hampshire,4-333-248-7753,175,6,4,2,Webinar,No
1441617,Connecticut,8-118-786-0865,241,6,6,5,Tradeshow,No
6996934,Hawaii,7-015-618-3180,184,5,2,5,Tradeshow,No
2214243,Connecticut,8-030-164-1677,83,20,11,12,Adwords,Yes
2390480,Indiana,2-068-841-3248,184,7,3,0,Webinar,No
6111059,Connecticut,7-462-430-1327,94,29,7,12,Tradeshow,Yes
6155448,New Jersey,5-203-271-5813,91,18,24,9,Webinar,Yes
9226477,Pennsylvania,2-135-250-7411,94,3,2,2,Print,No
7171271,South Dakota,3-764-324-3166,145,6,6,5,Print,No
0878617,New Jersey,1-110-688-6830,72,13,28,10,Webinar,Yes
1532611,Colorado,1-033-111-6465,174,2,3,5,Adwords,No
3505960,New Jersey,2-360-037-7735,153,3,7,4,Adwords,No
5496268,Connecticut,6-066-617-1187,77,28,6,3,Print,Yes
0197634,Connecticut,6-651-051-7653,57,8,24,5,Print,Yes
1213510,Delaware,8-173-100-8477,172,3,3,2,Adwords,No
8771768,Illinois,8-145-526-5417,149,2,6,4,Print,No
4539786,Alabama,3-561-814-7034,239,6,3,4,Adwords,No
6641121,Virginia,4-460-466-1166,108,7,7,3,Print,No
0108849,Pennsylvania,0-156-502-4354,83,15,19,6,Webinar,Yes
5680564,Montana,2-251-021-1840,149,2,6,0,Tradeshow,No
4923729,New Jersey,1-655-407-0403,78,16,21,5,Webinar,Yes
4902722,Vermont,5-644-041-8827,111,5,2,5,Print,No
1866364,New Hampshire,8-123-005-0023,175,6,2,5,Tradeshow,No
1615098,Delaware,2-774-501-2376,73,29,25,11,Adwords,Yes
6643580,Alaska,8-622-780-0705,99,2,6,5,Print,No
5688857,Oregon,1-210-500-6486,218,2,6,2,Print,No
8803432,Connecticut,0-384-483-1350,91,8,10,10,Print,Yes
7271163,Mississippi,6-512-574-8544,136,7,5,4,Print,No
0680882,Connecticut,1-875-017-8472,138,6,2,4,Webinar,No
5382420,South Carolina,1-200-683-7360,125,2,3,0,Print,No
7921432,New Jersey,4-060-467-7610,84,14,11,13,Webinar,Yes
8464447,Massachussets,2-748-854-4332,126,7,7,0,Adwords,No
0914981,Wyoming,8-878-782-1513,213,5,2,1,Webinar,No
8131554,New Jersey,0-033-322-0863,91,5,5,0,Print,No
8917929,Connecticut,3-361-601-7036,71,28,19,11,Print,Yes
6925474,Oregon,7-628-278-8547,154,7,7,5,Adwords,No
7026158,Oregon,8-864-370-8211,230,5,4,3,Tradeshow,No
7423272,Delaware,8-836-206-8413,64,21,18,13,Adwords,Yes
6297940,New Jersey,5-888-865-4754,94,26,27,4,Webinar,Yes
4320110,Montana,7-853-822-4065,168,3,2,0,Tradeshow,No
5410333,West Virginia,5-124-345-3000,165,3,5,2,Adwords,No
8004157,New York,7-352-766-3578,98,22,27,7,Webinar,Yes
5660077,Delaware,4-360-644-6143,71,5,10,13,Adwords,Yes
3688738,Connecticut,2-437-205-8352,130,2,2,1,Tradeshow,No
1931008,Nevada,0-008-134-5877,189,4,2,2,Webinar,No
8414997,Pennsylvania,7-665-162-0542,98,2,5,5,Webinar,No
4789414,New Hampshire,7-418-271-6783,197,6,6,5,Adwords,No
8206387,Arizona,6-741-681-6021,119,6,5,0,Print,No
9588995,Virginia,1-627-235-8405,188,2,5,0,Print,No
9005786,California,3-342-118-2200,158,3,7,4,Tradeshow,No
0373015,North Carolina,8-864-423-6466,225,3,7,5,Print,No
4886716,Iowa,7-062-506-5705,184,4,6,3,Tradeshow,No
0978057,Tennessee,0-383-877-0662,93,7,4,4,Adwords,No
1381654,Massachussets,1-614-041-3688,216,7,5,4,Print,No
5483760,Kansas,3-150-384-6747,120,5,3,0,Tradeshow,No
0042992,Missouri,6-208-818-8176,132,7,7,5,Print,No
1261286,Illinois,4-316-271-7887,89,7,3,2,Tradeshow,No
5260678,Delaware,3-050-521-5011,99,9,17,13,Adwords,Yes
3054934,Connecticut,0-710-641-8868,65,27,13,7,Print,Yes
2900171,Maryland,8-114-631-2235,72,15,11,9,Tradeshow,Yes
0786956,Alaska,4-630-010-4015,138,5,3,5,Print,No
1118368,Connecticut,7-473-344-0231,93,15,20,12,Adwords,Yes
6651204,Virginia,5-074-075-3322,148,4,5,1,Print,No
0912137,New Jersey,2-134-810-1720,61,17,5,10,Webinar,Yes
9000563,Florida,6-378-407-4820,154,4,6,4,Adwords,No
1169708,Alaska,6-316-444-8878,174,7,6,0,Adwords,No
0521298,Louisiana,6-841-486-6605,188,5,5,3,Webinar,No
6164361,Ohio,3-028-022-5576,118,6,3,3,Print,No
8625804,New York,3-128-510-4151,198,2,7,1,Webinar,No
8403194,Missouri,5-655-266-7518,125,4,3,0,Print,No
1241313,Florida,6-402-206-5070,128,5,4,0,Webinar,No
1477976,Wisconsin,2-080-726-8020,194,2,5,5,Print,No
6980918,Georgia,4-651-173-8383,211,5,5,5,Adwords,No
1217264,Texas,6-162-223-4762,186,6,6,3,Adwords,No
3283574,Hawaii,2-671-141-2128,122,4,7,5,Adwords,No
5677658,Tennessee,7-217-388-0427,158,4,2,4,Tradeshow,No
6142711,Arizona,0-455-611-4408,205,2,4,5,Adwords,No
7007399,Massachussets,3-165-261-4812,103,3,3,1,Webinar,No
1305708,Delaware,0-738-642-7101,69,21,9,11,Adwords,Yes
1480374,Illinois,6-176-400-2732,92,6,3,2,Webinar,No
6103058,Ohio,8-217-352-8574,222,7,3,5,Tradeshow,No
5445308,New York,3-672-352-3718,98,6,7,4,Adwords,No
0771879,Pennsylvania,8-102-187-2030,92,25,8,3,Webinar,Yes
9308115,California,1-745-888-1634,140,2,6,5,Print,No
1411128,Montana,5-663-234-4525,245,5,6,5,Tradeshow,No
0895457,West Virginia,0-076-556-1275,194,7,6,3,Adwords,No
7357040,Maine,4-727-322-2072,145,5,3,5,Adwords,No
6528964,Michigan,3-606-547-7673,133,2,3,3,Webinar,No
4736201,Oregon,6-564-101-3744,137,7,6,4,Tradeshow,No
8482572,Idaho,6-562-331-1066,229,7,2,0,Tradeshow,No
6820536,Mississippi,8-846-702-0007,209,3,4,2,Adwords,No
2472378,New Jersey,4-252-528-0322,50,27,13,14,Webinar,Yes
3725536,Pennsylvania,4-584-288-0418,66,20,7,9,Webinar,Yes
3714692,Connecticut,5-584-064-7640,198,2,7,3,Print,No
6051880,Maine,3-426-165-5634,150,6,5,2,Tradeshow,No
8935345,Delaware,5-126-244-3000,129,5,7,5,Adwords,No
9039806,Tennessee,6-217-536-7166,204,3,7,4,Tradeshow,No
2666842,New Jersey,7-058-036-4343,97,7,28,7,Webinar,Yes
4309341,Colorado,7-037-054-3440,208,4,7,4,Adwords,No
8997505,Alaska,3-220-886-5658,103,7,5,0,Webinar,No
1060284,Pennsylvania,0-305-616-3178,157,2,2,3,Print,No
3065666,New Mexico,2-764-427-6034,134,5,2,2,Tradeshow,No
8223103,North Carolina,2-012-487-8348,184,6,7,2,Adwords,No
2775671,Maryland,3-066-488-0875,166,4,7,1,Print,No
4118903,Georgia,1-004-564-4354,102,2,3,1,Print,No
9823106,North Carolina,6-145-245-4667,155,6,2,2,Print,No
4235417,Washington,6-872-047-2080,121,3,7,5,Print,No
1732218,Idaho,2-020-117-2275,245,4,4,5,Adwords,No
4773805,New Hampshire,7-332-205-7043,157,6,4,5,Adwords,No
2486851,Maryland,6-680-832-5421,94,19,10,5,Tradeshow,Yes
7721429,Mississippi,3-445-361-7812,242,6,2,3,Webinar,No
5146779,Ohio,0-504-576-3380,237,2,3,2,Tradeshow,No
0663975,Connecticut,1-104-566-5801,61,15,27,10,Print,Yes
7477599,Delaware,0-347-422-8668,72,10,17,8,Adwords,Yes
5982171,North Carolina,1-452-284-1162,194,6,4,5,Tradeshow,No
9092150,Vermont,8-366-557-0500,199,7,4,2,Webinar,No
1203917,Nevada,8-028-077-2477,114,3,6,4,Adwords,No
5163306,New York,4-546-182-4813,93,26,26,3,Adwords,Yes
9109453,Kentucky,5-470-601-6765,238,2,6,1,Tradeshow,No
9654858,Connecticut,3-474-505-6174,97,18,24,11,Print,Yes
2690509,Tennessee,5-017-225-2278,238,7,2,5,Print,No
1913224,Vermont,8-401-132-6365,222,7,2,3,Print,No
1065760,Pennsylvania,5-558-463-1522,146,4,3,2,Tradeshow,No
7267818,Nevada,2-727-723-4115,180,3,7,2,Adwords,No
4339029,Rhode Island,5-428-107-2340,121,4,3,2,Print,No
5080354,Rhode Island,3-704-286-5087,239,5,6,5,Adwords,No
1662076,Ohio,0-808-812-0443,211,3,2,2,Print,No
0527785,Hawaii,1-388-823-2711,85,5,3,1,Tradeshow,No
3387545,Delaware,6-448-346-6676,211,6,5,3,Tradeshow,No
2032568,Iowa,3-663-447-4641,229,7,4,4,Print,No
5832346,California,3-855-066-8242,200,2,3,5,Tradeshow,No
2371807,Illinois,4-413-744-2756,221,4,6,0,Adwords,No
4197887,Indiana,5-676-875-0535,135,2,7,5,Adwords,No
9914238,New Mexico,2-207-241-3328,241,3,7,1,Webinar,No
3167972,Georgia,2-345-087-3526,115,3,7,2,Print,No